MEM,func,k,AAE,ARE,throughput
100,cmsketch,1000,332.412,324.915,25/1000,3.03732,
100,hyperuss,1000,30.678,30.3742,22/1000,1.78703,
100,wavingsketch,1000,41.602,41.0673,29/1000,2.7471,
100,dasketch,1000,11.872,11.6105,124/1000,1.90999,
100,heavykeeper,1000,2.096,1.01217,79/1000,3.59878,
100,LossyCounting,1000,276.027,276.027,2/1000,0.198929,
100,mvsketch,1000,0.393,0.0052797,7/1000,2.56418,
100,spacesaving,1000,524.032,521.139,8/1000,8.37075,
100,cmsketch,1000,332.941,324.654,28/1000,2.33785,
100,hyperuss,1000,30.682,30.4071,20/1000,2.66468,
100,wavingsketch,1000,43.334,42.7824,34/1000,3.40045,
100,dasketch,1000,11.89,11.6268,120/1000,1.88314,
100,heavykeeper,1000,1.972,1.01035,80/1000,2.20374,
100,LossyCounting,1000,276.032,276.032,3/1000,0.201977,
100,mvsketch,1000,2.377,0.128354,158/1000,2.87482,
100,spacesaving,1000,524.063,522.63,5/1000,7.23036,
100,cmsketch,1000,332.693,322.842,34/1000,3.11291,
100,hyperuss,1000,30.518,30.1104,31/1000,2.28781,
100,wavingsketch,1000,39.08,38.6254,28/1000,4.82199,
100,dasketch,1000,11.908,11.626,123/1000,1.90636,
100,heavykeeper,1000,2.095,1.0063,83/1000,3.6476,
100,LossyCounting,1000,276.03,276.03,1/1000,0.204708,
100,mvsketch,1000,0.372,0.00556911,7/1000,2.05401,
100,spacesaving,1000,524.145,521.761,7/1000,3.57663,
100,cmsketch,1000,333.265,326.463,23/1000,2.53516,
100,hyperuss,1000,30.657,30.4097,20/1000,2.19718,
100,wavingsketch,1000,37.295,36.76,32/1000,4.54387,
100,dasketch,1000,11.907,11.6309,121/1000,1.54053,
100,heavykeeper,1000,2.197,1.0117,91/1000,2.39718,
100,LossyCounting,1000,276.031,276.031,1/1000,0.204991,
100,mvsketch,1000,2.334,0.123765,148/1000,1.529,
100,spacesaving,1000,524.12,523.643,2/1000,7.07969,
100,cmsketch,1000,269.908,264.387,20/1000,1.93422,
100,hyperuss,1000,30.759,30.5755,16/1000,2.05029,
100,wavingsketch,1000,41.392,39.4521,31/1000,7.0134,
100,dasketch,1000,11.93,11.6754,122/1000,3.00383,
100,heavykeeper,1000,2.22,1.01462,89/1000,5.65461,
100,LossyCounting,1000,276.026,276.026,1/1000,0.209159,
100,mvsketch,1000,0.343,0.00375189,6/1000,2.74823,
100,spacesaving,1000,524.101,520.978,8/1000,8.8723,
100,cmsketch,1000,256.646,248.993,28/1000,3.23509,
100,hyperuss,1000,30.474,30.1601,28/1000,1.91036,
100,wavingsketch,1000,44.328,43.6743,38/1000,5.07343,
100,dasketch,1000,11.732,11.4072,141/1000,1.99514,
100,heavykeeper,1000,2.368,1.01645,95/1000,4.21852,
100,LossyCounting,1000,276.03,276.03,1/1000,0.20984,
100,mvsketch,1000,2.65,0.134452,162/1000,2.76424,
100,spacesaving,1000,524.241,522.757,6/1000,6.45759,
100,cmsketch,1000,260.062,251.551,31/1000,1.36507,
100,hyperuss,1000,30.492,30.2841,24/1000,1.68131,
100,wavingsketch,1000,41.48,39.1215,42/1000,5.41946,
100,dasketch,1000,11.836,11.5374,128/1000,0.806663,
100,heavykeeper,1000,2.3,1.01429,78/1000,1.7069,
100,LossyCounting,1000,276.03,276.03,1/1000,0.165796,
100,mvsketch,1000,0.388,0.00377651,6/1000,1.49389,
100,spacesaving,1000,524.049,521.572,8/1000,4.8787,
100,cmsketch,1000,332.618,321.045,39/1000,1.80512,
100,hyperuss,1000,30.458,30.1525,28/1000,1.70265,
100,wavingsketch,1000,44.853,44.3445,33/1000,3.95846,
100,dasketch,1000,12.004,11.7141,118/1000,1.35922,
100,heavykeeper,1000,2.152,1.0067,84/1000,3.96257,
100,LossyCounting,1000,276.031,276.031,2/1000,0.146267,
100,mvsketch,1000,2.325,0.116962,140/1000,2.66122,
100,spacesaving,1000,524.273,521.278,10/1000,5.67294,
100,cmsketch,1000,332.109,320.27,41/1000,1.86321,
100,hyperuss,1000,30.39,30.2551,25/1000,2.55741,
100,wavingsketch,1000,42.988,42.526,33/1000,5.45011,
100,dasketch,1000,12.116,11.8128,109/1000,2.8016,
100,heavykeeper,1000,2.665,1.01757,78/1000,5.32694,
100,LossyCounting,1000,276.028,276.028,1/1000,0.204471,
100,mvsketch,1000,2.797,0.116716,145/1000,3.45725,
100,spacesaving,1000,524.293,522.045,7/1000,7.67567,
100,cmsketch,1000,211.293,206.722,17/1000,4.16457,
100,hyperuss,1000,30.493,30.2221,26/1000,3.26173,
100,wavingsketch,1000,39.414,39.0297,27/1000,6.59197,
100,dasketch,1000,12.34,12.0858,88/1000,1.69304,
100,heavykeeper,1000,2.06,1.01504,73/1000,2.71507,
100,LossyCounting,1000,276.03,276.03,1/1000,0.196556,
100,mvsketch,1000,0.596,0.00536458,7/1000,2.36195,
100,spacesaving,1000,524.422,522.612,5/1000,6.94459,
100,cmsketch,1000,329.043,309.002,66/1000,2.31385,
100,hyperuss,1000,28.772,28.5104,57/1000,2.2669,
100,wavingsketch,1000,48.492,45.2508,65/1000,4.00291,
100,dasketch,1000,11.798,11.3834,142/1000,2.10045,
100,heavykeeper,1000,3.227,0.987592,119/1000,4.02815,
100,LossyCounting,1000,273.27,273.269,11/1000,0.199887,
100,mvsketch,1000,6.573,0.166933,212/1000,2.73961,
100,spacesaving,1000,517.805,514.228,16/1000,6.69069,
150,cmsketch,1000,162.949,153.061,70/1000,2.22506,
150,hyperuss,1000,16.941,16.784,69/1000,2.1589,
150,wavingsketch,1000,32.37,31.6937,48/1000,3.00558,
150,dasketch,1000,9.305,9.0283,178/1000,2.28462,
150,heavykeeper,1000,2.803,1.0091,140/1000,3.94396,
150,LossyCounting,1000,183.816,183.816,2/1000,0.191979,
150,mvsketch,1000,2.877,0.169795,213/1000,1.89785,
150,spacesaving,1000,349.199,347.462,7/1000,7.09035,
150,cmsketch,1000,162.921,153.011,72/1000,2.37551,
150,hyperuss,1000,16.855,16.6877,74/1000,2.81682,
150,wavingsketch,1000,33.368,32.7133,43/1000,3.82228,
150,dasketch,1000,9.262,8.96665,179/1000,1.74428,
150,heavykeeper,1000,2.675,0.996727,142/1000,5.66103,
150,LossyCounting,1000,183.816,183.816,2/1000,0.224128,
150,mvsketch,1000,2.884,0.171901,211/1000,2.61584,
150,spacesaving,1000,349.207,347.64,8/1000,3.8564,
150,cmsketch,1000,162.558,152.201,75/1000,2.09504,
150,hyperuss,1000,16.854,16.685,75/1000,1.60967,
150,wavingsketch,1000,30.05,29.3471,48/1000,3.92359,
150,dasketch,1000,9.352,9.06127,166/1000,2.01,
150,heavykeeper,1000,2.853,1.00192,150/1000,3.91725,
150,LossyCounting,1000,183.816,183.816,2/1000,0.210808,
150,mvsketch,1000,2.859,0.168131,204/1000,2.73066,
150,spacesaving,1000,349.349,348.237,6/1000,5.47079,
150,cmsketch,1000,163.011,154.44,61/1000,2.18176,
150,hyperuss,1000,16.942,16.8199,66/1000,1.64174,
150,wavingsketch,1000,31.707,31.0124,48/1000,3.65412,
150,dasketch,1000,9.376,9.03043,173/1000,1.99464,
150,heavykeeper,1000,2.938,0.985866,160/1000,3.81716,
150,LossyCounting,1000,183.816,183.816,1/1000,0.191706,
150,mvsketch,1000,2.895,0.173104,212/1000,2.36564,
150,spacesaving,1000,349.271,348.337,4/1000,2.91862,
150,cmsketch,1000,140.882,133.44,55/1000,2.58347,
150,hyperuss,1000,16.786,16.5979,80/1000,1.54464,
150,wavingsketch,1000,32.016,31.2925,51/1000,1.82167,
150,dasketch,1000,9.328,9.0793,163/1000,2.16959,
150,heavykeeper,1000,2.934,1.01503,152/1000,4.28273,
150,LossyCounting,1000,183.816,183.816,1/1000,0.196214,
150,mvsketch,1000,2.984,0.173866,217/1000,3.01757,
150,spacesaving,1000,349.321,347.896,6/1000,7.64466,
150,cmsketch,1000,163.171,153.22,70/1000,3.98742,
150,hyperuss,1000,16.761,16.5954,80/1000,3.53689,
150,wavingsketch,1000,29.989,29.4215,48/1000,5.29905,
150,dasketch,1000,9.132,8.84848,181/1000,3.20772,
150,heavykeeper,1000,3.161,0.988381,170/1000,5.09004,
150,LossyCounting,1000,183.816,183.816,2/1000,0.222102,
150,mvsketch,1000,3.066,0.175847,218/1000,3.19635,
150,spacesaving,1000,349.416,348.438,5/1000,8.53305,
150,cmsketch,1000,162.774,154.144,62/1000,3.94805,
150,hyperuss,1000,16.878,16.6892,74/1000,2.32425,
150,wavingsketch,1000,32.72,32.1536,48/1000,4.74977,
150,dasketch,1000,9.404,9.0984,175/1000,3.12172,
150,heavykeeper,1000,2.972,1.00247,147/1000,5.02372,
150,LossyCounting,1000,183.816,183.816,1/1000,0.225785,
150,mvsketch,1000,3.193,0.181014,227/1000,3.21597,
150,spacesaving,1000,349.209,347.432,8/1000,8.56167,
150,cmsketch,1000,162.936,152.153,78/1000,3.8475,
150,hyperuss,1000,16.909,16.7206,73/1000,3.29523,
150,wavingsketch,1000,34.956,34.2529,48/1000,5.61834,
150,dasketch,1000,9.282,8.95818,173/1000,2.08374,
150,heavykeeper,1000,2.813,0.996775,147/1000,2.79406,
150,LossyCounting,1000,183.816,183.816,2/1000,0.203714,
150,mvsketch,1000,2.817,0.166652,207/1000,3.34275,
150,spacesaving,1000,349.475,348.118,8/1000,6.87217,
150,cmsketch,1000,162.821,153.956,64/1000,3.90117,
150,hyperuss,1000,17.053,16.9535,59/1000,3.3885,
150,wavingsketch,1000,36.826,36.1811,54/1000,4.44932,
150,dasketch,1000,9.592,9.33153,139/1000,3.32359,
150,heavykeeper,1000,2.757,1.0025,128/1000,5.6339,
150,LossyCounting,1000,183.816,183.816,1/1000,0.217565,
150,mvsketch,1000,3.01,0.151593,194/1000,3.33637,
150,spacesaving,1000,349.468,348.028,7/1000,7.27991,
150,cmsketch,1000,162.968,154.631,59/1000,3.39326,
150,hyperuss,1000,17.201,17.0584,53/1000,3.29332,
150,wavingsketch,1000,35.964,35.5884,34/1000,6.20983,
150,dasketch,1000,9.744,9.50571,122/1000,3.27431,
150,heavykeeper,1000,2.413,1.00285,115/1000,5.83968,
150,LossyCounting,1000,183.632,183.632,2/1000,0.221213,
150,mvsketch,1000,2.278,0.132719,173/1000,3.35824,
150,spacesaving,1000,349.597,348.407,5/1000,8.27058,
150,cmsketch,1000,160.966,147.982,91/1000,3.56537,
150,hyperuss,1000,16.372,16.0947,106/1000,3.70659,
150,wavingsketch,1000,35.208,34.4717,77/1000,7.22843,
150,dasketch,1000,9.211,8.82688,182/1000,2.81163,
150,heavykeeper,1000,3.359,0.959678,178/1000,5.4472,
150,LossyCounting,1000,181.976,181.976,11/1000,0.238177,
150,mvsketch,1000,5.463,0.233787,312/1000,2.35198,
150,spacesaving,1000,344.125,341.237,19/1000,7.73307,
200,cmsketch,1000,107.936,98.6422,103/1000,3.59914,
200,hyperuss,1000,9.599,9.37606,202/1000,3.0973,
200,wavingsketch,1000,30.421,29.9404,44/1000,6.49247,
200,dasketch,1000,7.828,7.57475,193/1000,3.30794,
200,heavykeeper,1000,3.198,0.994862,188/1000,5.22219,
200,LossyCounting,1000,137.862,137.862,2/1000,0.176351,
200,mvsketch,1000,2.915,0.179301,228/1000,1.73714,
200,spacesaving,1000,261.689,260.652,6/1000,6.99075,
200,cmsketch,1000,108.066,99.9122,90/1000,3.95378,
200,hyperuss,1000,9.619,9.38033,191/1000,3.14522,
200,wavingsketch,1000,27.549,27.0455,43/1000,1.99281,
200,dasketch,1000,7.757,7.48044,209/1000,2.75954,
200,heavykeeper,1000,3.03,0.974615,180/1000,5.39285,
200,LossyCounting,1000,137.862,137.862,2/1000,0.22634,
200,mvsketch,1000,3.007,0.190684,241/1000,3.35342,
200,spacesaving,1000,261.713,261.125,4/1000,6.51882,
200,cmsketch,1000,107.719,98.2542,107/1000,2.01317,
200,hyperuss,1000,9.56,9.33156,200/1000,1.96495,
200,wavingsketch,1000,28.214,27.6483,50/1000,1.72399,
200,dasketch,1000,7.864,7.60021,193/1000,1.71848,
200,heavykeeper,1000,3.218,0.995408,190/1000,4.17592,
200,LossyCounting,1000,137.862,137.862,2/1000,0.2011,
200,mvsketch,1000,3.104,0.191906,239/1000,2.86867,
200,spacesaving,1000,261.691,260.867,6/1000,6.96258,
200,cmsketch,1000,107.903,98.8282,100/1000,2.37457,
200,hyperuss,1000,9.828,9.5721,192/1000,1.65701,
200,wavingsketch,1000,26.156,25.5523,52/1000,3.37362,
200,dasketch,1000,7.889,7.63298,188/1000,1.45262,
200,heavykeeper,1000,3.302,0.969068,202/1000,3.29088,
200,LossyCounting,1000,137.862,137.862,1/1000,0.208584,
200,mvsketch,1000,3.137,0.195363,249/1000,2.45136,
200,spacesaving,1000,261.654,260.33,7/1000,8.41383,
200,cmsketch,1000,108.014,99.7925,93/1000,1.84109,
200,hyperuss,1000,9.629,9.40769,194/1000,0.883706,
200,wavingsketch,1000,26.114,25.6074,51/1000,3.3124,
200,dasketch,1000,7.834,7.57408,196/1000,1.63186,
200,heavykeeper,1000,3.278,0.992882,201/1000,3.02738,
200,LossyCounting,1000,137.862,137.862,1/1000,0.174079,
200,mvsketch,1000,3.171,0.194535,243/1000,3.28694,
200,spacesaving,1000,261.677,260.622,6/1000,8.10671,
200,cmsketch,1000,107.758,98.5905,102/1000,3.94951,
200,hyperuss,1000,9.753,9.48702,199/1000,3.22525,
200,wavingsketch,1000,26.671,26.1616,48/1000,5.8344,
200,dasketch,1000,7.824,7.54649,198/1000,2.84336,
200,heavykeeper,1000,3.365,0.989968,200/1000,5.34164,
200,LossyCounting,1000,137.862,137.862,2/1000,0.220802,
200,mvsketch,1000,3.281,0.199644,251/1000,3.12925,
200,spacesaving,1000,261.612,260.355,8/1000,8.53586,
200,cmsketch,1000,108.123,99.5493,95/1000,3.07314,
200,hyperuss,1000,9.605,9.34072,203/1000,3.41593,
200,wavingsketch,1000,27.817,27.254,57/1000,5.39295,
200,dasketch,1000,7.846,7.55838,198/1000,3.1974,
200,heavykeeper,1000,3.264,0.983187,193/1000,5.41302,
200,LossyCounting,1000,137.862,137.862,1/1000,0.228133,
200,mvsketch,1000,3.349,0.199507,256/1000,2.86412,
200,spacesaving,1000,261.583,259.141,12/1000,6.96161,
200,cmsketch,1000,108.026,100.034,90/1000,1.93719,
200,hyperuss,1000,9.748,9.50742,184/1000,2.9962,
200,wavingsketch,1000,25.512,24.9074,64/1000,6.21456,
200,dasketch,1000,7.922,7.63325,188/1000,3.38872,
200,heavykeeper,1000,3.108,0.983858,190/1000,5.06793,
200,LossyCounting,1000,137.862,137.862,2/1000,0.240646,
200,mvsketch,1000,3.045,0.192332,249/1000,3.38596,
200,spacesaving,1000,261.601,259.221,12/1000,8.58733,
200,cmsketch,1000,108.219,101.376,76/1000,4.0809,
200,hyperuss,1000,10.236,10.0207,154/1000,3.22105,
200,wavingsketch,1000,26.221,25.7783,51/1000,6.4375,
200,dasketch,1000,8.066,7.85626,159/1000,3.30102,
200,heavykeeper,1000,2.92,0.978891,178/1000,5.29995,
200,LossyCounting,1000,137.862,137.862,1/1000,0.202938,
200,mvsketch,1000,3.282,0.190076,252/1000,2.80274,
200,spacesaving,1000,261.506,260.318,8/1000,8.10078,
200,cmsketch,1000,108.451,102.105,69/1000,3.85344,
200,hyperuss,1000,10.307,10.0702,134/1000,2.58642,
200,wavingsketch,1000,25.843,25.4226,45/1000,6.59435,
200,dasketch,1000,8.254,8.03007,149/1000,3.00019,
200,heavykeeper,1000,2.539,0.982922,152/1000,4.64174,
200,LossyCounting,1000,137.724,137.724,2/1000,0.221235,
200,mvsketch,1000,2.489,0.16748,228/1000,3.15445,
200,spacesaving,1000,261.73,261.212,4/1000,7.55286,
200,cmsketch,1000,106.467,96.1351,115/1000,2.81019,
200,hyperuss,1000,9.324,8.98737,191/1000,1.84095,
200,wavingsketch,1000,28.658,27.9566,87/1000,6.13387,
200,dasketch,1000,7.748,7.41389,208/1000,3.29558,
200,heavykeeper,1000,3.421,0.946334,236/1000,5.06589,
200,LossyCounting,1000,136.345,136.344,12/1000,0.233673,
200,mvsketch,1000,4.971,0.261916,362/1000,3.21148,
200,spacesaving,1000,258.087,256.655,17/1000,8.59145,
250,cmsketch,1000,80.818,72.7241,124/1000,4.25763,
250,hyperuss,1000,6.406,6.20466,228/1000,3.44517,
250,wavingsketch,1000,28.469,27.9243,59/1000,6.49499,
250,dasketch,1000,6.889,6.6438,212/1000,2.86446,
250,heavykeeper,1000,3.335,0.981156,213/1000,6.11391,
250,LossyCounting,1000,109.89,109.89,1/1000,0.221008,
250,mvsketch,1000,3.103,0.197214,259/1000,3.30986,
250,spacesaving,1000,209.363,208.533,6/1000,7.61901,
250,cmsketch,1000,81.019,73.8552,108/1000,4.10078,
250,hyperuss,1000,6.374,6.14719,236/1000,3.26308,
250,wavingsketch,1000,23.603,23.0354,62/1000,5.37131,
250,dasketch,1000,7.011,6.77454,198/1000,3.39464,
250,heavykeeper,1000,3.32,0.975576,216/1000,5.47273,
250,LossyCounting,1000,109.89,109.89,1/1000,0.205955,
250,mvsketch,1000,3.029,0.194719,257/1000,3.0648,
250,spacesaving,1000,209.378,208.831,5/1000,7.12264,
250,cmsketch,1000,80.846,72.9868,119/1000,2.70835,
250,hyperuss,1000,6.425,6.21895,226/1000,3.22402,
250,wavingsketch,1000,23.812,23.1272,65/1000,4.42075,
250,dasketch,1000,6.9,6.65319,216/1000,3.20416,
250,heavykeeper,1000,3.387,0.981457,217/1000,5.324,
250,LossyCounting,1000,109.89,109.89,1/1000,0.215954,
250,mvsketch,1000,3.099,0.196306,260/1000,3.16435,
250,spacesaving,1000,209.47,208.747,6/1000,7.04174,
250,cmsketch,1000,80.934,73.5267,112/1000,3.78571,
250,hyperuss,1000,6.377,6.19481,229/1000,3.31318,
250,wavingsketch,1000,26.242,25.8147,61/1000,5.74806,
250,dasketch,1000,6.883,6.61613,217/1000,3.1701,
250,heavykeeper,1000,3.434,0.980407,231/1000,5.83649,
250,LossyCounting,1000,109.89,109.89,1/1000,0.229152,
250,mvsketch,1000,3.131,0.199665,265/1000,2.44543,
250,spacesaving,1000,209.398,208.75,5/1000,5.68937,
250,cmsketch,1000,80.887,73.0412,121/1000,3.52554,
250,hyperuss,1000,6.369,6.18497,230/1000,3.46439,
250,wavingsketch,1000,23.492,23.0999,51/1000,6.33579,
250,dasketch,1000,6.937,6.68277,210/1000,2.28451,
250,heavykeeper,1000,3.401,0.973936,227/1000,5.91814,
250,LossyCounting,1000,109.89,109.89,1/1000,0.214233,
250,mvsketch,1000,3.22,0.205354,276/1000,2.45692,
250,spacesaving,1000,209.441,208.246,8/1000,7.50596,
250,cmsketch,1000,80.711,72.398,126/1000,4.03771,
250,hyperuss,1000,6.345,6.11039,242/1000,3.02622,
250,wavingsketch,1000,24.144,23.5487,73/1000,5.96713,
250,dasketch,1000,6.961,6.73028,203/1000,2.30798,
250,heavykeeper,1000,3.472,0.972735,227/1000,5.38451,
250,LossyCounting,1000,109.89,109.89,1/1000,0.21095,
250,mvsketch,1000,3.321,0.209237,272/1000,2.97024,
250,spacesaving,1000,209.52,208.587,7/1000,8.05301,
250,cmsketch,1000,80.946,74.0982,104/1000,3.68328,
250,hyperuss,1000,6.361,6.08912,244/1000,2.93296,
250,wavingsketch,1000,26.378,25.8119,68/1000,5.89964,
250,dasketch,1000,6.881,6.60141,216/1000,3.14073,
250,heavykeeper,1000,3.355,0.979896,219/1000,5.70779,
250,LossyCounting,1000,109.89,109.835,3/1000,0.227102,
250,mvsketch,1000,3.352,0.207564,279/1000,2.98678,
250,spacesaving,1000,209.304,208.208,8/1000,5.53104,
250,cmsketch,1000,80.836,73.2928,114/1000,4.05838,
250,hyperuss,1000,6.373,6.13106,239/1000,3.27448,
250,wavingsketch,1000,23.027,22.5618,60/1000,6.44303,
250,dasketch,1000,6.944,6.69174,209/1000,2.45824,
250,heavykeeper,1000,3.251,0.965947,216/1000,2.04494,
250,LossyCounting,1000,109.89,109.89,1/1000,0.1962,
250,mvsketch,1000,3.107,0.202399,268/1000,3.26592,
250,spacesaving,1000,209.603,208.617,9/1000,7.75596,
250,cmsketch,1000,81.184,75.277,89/1000,2.30555,
250,hyperuss,1000,6.494,6.21198,229/1000,3.11527,
250,wavingsketch,1000,24.001,23.4479,62/1000,5.31696,
250,dasketch,1000,7.146,6.91293,183/1000,3.13328,
250,heavykeeper,1000,2.875,0.963704,203/1000,5.47912,
250,LossyCounting,1000,109.78,109.725,4/1000,0.220059,
250,mvsketch,1000,3.174,0.195258,268/1000,2.4767,
250,spacesaving,1000,209.422,208.398,9/1000,5.58505,
250,cmsketch,1000,81.087,75.5954,84/1000,4.01785,
250,hyperuss,1000,6.679,6.41672,205/1000,3.21449,
250,wavingsketch,1000,27.728,27.16,63/1000,6.58844,
250,dasketch,1000,7.159,6.92399,178/1000,3.27606,
250,heavykeeper,1000,2.629,0.983971,182/1000,5.08706,
250,LossyCounting,1000,109.78,109.78,2/1000,0.218851,
250,mvsketch,1000,2.621,0.189424,264/1000,3.33941,
250,spacesaving,1000,209.494,208.628,7/1000,7.92277,
250,cmsketch,1000,79.892,70.5381,142/1000,3.78477,
250,hyperuss,1000,6.189,5.76887,283/1000,3.26477,
250,wavingsketch,1000,31.195,30.6378,88/1000,5.60683,
250,dasketch,1000,6.757,6.40331,240/1000,3.30616,
250,heavykeeper,1000,3.361,0.918158,279/1000,5.61114,
250,LossyCounting,1000,108.681,108.68,12/1000,0.238142,
250,mvsketch,1000,4.858,0.294093,415/1000,2.84353,
250,spacesaving,1000,205.649,204.179,19/1000,7.64052,
300,cmsketch,1000,64.483,56.7453,151/1000,4.08746,
300,hyperuss,1000,5.527,5.34908,239/1000,2.964,
300,wavingsketch,1000,24.649,24.1972,68/1000,4.25642,
300,dasketch,1000,6.44,6.20656,218/1000,2.96047,
300,heavykeeper,1000,3.336,0.976735,219/1000,5.79311,
300,LossyCounting,1000,91.908,91.908,2/1000,0.215591,
300,mvsketch,1000,3.034,0.195122,262/1000,3.32213,
300,spacesaving,1000,174.368,173.386,8/1000,7.92291,
300,cmsketch,1000,64.477,57.309,139/1000,3.89748,
300,hyperuss,1000,5.505,5.33521,242/1000,3.24892,
300,wavingsketch,1000,21.653,21.1362,73/1000,4.55049,
300,dasketch,1000,6.478,6.19561,215/1000,3.21744,
300,heavykeeper,1000,3.293,0.95402,233/1000,5.89076,
300,LossyCounting,1000,91.908,91.908,2/1000,0.230845,
300,mvsketch,1000,3.038,0.199922,271/1000,2.979,
300,spacesaving,1000,174.413,173.964,5/1000,6.13157,
300,cmsketch,1000,64.272,56.6684,148/1000,3.06269,
300,hyperuss,1000,5.494,5.32999,242/1000,2.25622,
300,wavingsketch,1000,21.485,20.9185,79/1000,5.35603,
300,dasketch,1000,6.434,6.18317,222/1000,3.10442,
300,heavykeeper,1000,3.348,0.966317,230/1000,4.14762,
300,LossyCounting,1000,91.908,91.908,2/1000,0.224709,
300,mvsketch,1000,3.09,0.197952,265/1000,3.191,
300,spacesaving,1000,174.525,174.081,5/1000,7.43261,
300,cmsketch,1000,64.488,57.5649,135/1000,3.88185,
300,hyperuss,1000,5.542,5.37122,235/1000,3.16028,
300,wavingsketch,1000,23.112,22.759,62/1000,5.40491,
300,dasketch,1000,6.396,6.14187,224/1000,3.28278,
300,heavykeeper,1000,3.392,0.947559,242/1000,4.99158,
300,LossyCounting,1000,91.908,91.908,1/1000,0.218415,
300,mvsketch,1000,3.124,0.201799,273/1000,2.8644,
300,spacesaving,1000,174.432,173.835,5/1000,6.13242,
300,cmsketch,1000,64.512,57.9502,129/1000,3.83391,
300,hyperuss,1000,5.489,5.35429,238/1000,3.46906,
300,wavingsketch,1000,25.629,25.1584,71/1000,4.5001,
300,dasketch,1000,6.364,6.12613,222/1000,3.10088,
300,heavykeeper,1000,3.456,0.964627,244/1000,5.90287,
300,LossyCounting,1000,91.908,91.908,1/1000,0.231958,
300,mvsketch,1000,3.146,0.202863,280/1000,1.78869,
300,spacesaving,1000,174.483,173.646,7/1000,6.45998,
300,cmsketch,1000,64.591,56.4665,157/1000,3.40478,
300,hyperuss,1000,5.487,5.31666,243/1000,3.4167,
300,wavingsketch,1000,23.818,23.3019,81/1000,5.18317,
300,dasketch,1000,6.429,6.18705,217/1000,1.6492,
300,heavykeeper,1000,3.432,0.949019,244/1000,2.22977,
300,LossyCounting,1000,91.908,91.908,2/1000,0.22875,
300,mvsketch,1000,3.252,0.205751,280/1000,3.24011,
300,spacesaving,1000,174.566,173.949,6/1000,7.55419,
300,cmsketch,1000,64.587,57.6279,135/1000,3.91738,
300,hyperuss,1000,5.414,5.21057,259/1000,3.36692,
300,wavingsketch,1000,23.636,23.0867,72/1000,5.18799,
300,dasketch,1000,6.353,6.07544,234/1000,3.17379,
300,heavykeeper,1000,3.371,0.955129,249/1000,5.77471,
300,LossyCounting,1000,91.908,91.908,1/1000,0.210463,
300,mvsketch,1000,3.355,0.214172,299/1000,2.77835,
300,spacesaving,1000,174.331,173.322,9/1000,7.55557,
300,cmsketch,1000,64.342,57.022,144/1000,3.96357,
300,hyperuss,1000,5.525,5.30938,245/1000,3.29592,
300,wavingsketch,1000,21.979,21.5171,68/1000,4.08007,
300,dasketch,1000,6.418,6.13752,232/1000,3.13084,
300,heavykeeper,1000,3.211,0.949026,240/1000,5.93262,
300,LossyCounting,1000,91.908,91.908,2/1000,0.224749,
300,mvsketch,1000,3.132,0.211877,289/1000,3.07358,
300,spacesaving,1000,174.632,173.673,10/1000,7.69665,
300,cmsketch,1000,64.884,59.6698,102/1000,3.75625,
300,hyperuss,1000,5.546,5.32736,244/1000,3.1554,
300,wavingsketch,1000,21.567,21.2708,58/1000,4.55325,
300,dasketch,1000,6.367,6.11585,223/1000,3.09388,
300,heavykeeper,1000,2.815,0.948799,225/1000,5.60843,
300,LossyCounting,1000,91.632,91.632,4/1000,0.211158,
300,mvsketch,1000,3.147,0.205189,292/1000,2.93053,
300,spacesaving,1000,174.362,173.489,10/1000,6.69481,
300,cmsketch,1000,65.026,59.9749,100/1000,3.29929,
300,hyperuss,1000,5.661,5.37796,238/1000,3.24517,
300,wavingsketch,1000,23.411,23.0019,56/1000,4.84474,
300,dasketch,1000,6.573,6.3083,203/1000,3.18126,
300,heavykeeper,1000,2.627,0.957954,205/1000,5.52359,
300,LossyCounting,1000,91.816,91.816,2/1000,0.200639,
300,mvsketch,1000,2.686,0.204537,297/1000,2.97702,
300,spacesaving,1000,174.564,173.856,7/1000,7.67955,
300,cmsketch,1000,63.826,55.8934,153/1000,3.84154,
300,hyperuss,1000,5.145,4.73809,329/1000,3.34663,
300,wavingsketch,1000,20.51,19.9891,105/1000,5.10214,
300,dasketch,1000,6.152,5.7859,276/1000,3.17716,
300,heavykeeper,1000,3.247,0.881621,312/1000,5.81181,
300,LossyCounting,1000,90.896,90.896,12/1000,0.217904,
300,mvsketch,1000,4.728,0.312928,453/1000,3.09998,
300,spacesaving,1000,171.266,170.475,15/1000,7.6621,
350,cmsketch,1000,53.572,46.6537,168/1000,3.75817,
350,hyperuss,1000,4.892,4.75155,250/1000,2.37402,
350,wavingsketch,1000,20.879,20.5236,69/1000,4.22971,
350,dasketch,1000,5.799,5.58506,226/1000,2.99379,
350,heavykeeper,1000,3.301,0.956738,235/1000,5.67728,
350,LossyCounting,1000,78.921,78.921,1/1000,0.208281,
350,mvsketch,1000,3.032,0.198236,275/1000,3.20771,
350,spacesaving,1000,149.266,148.687,6/1000,7.62454,
350,cmsketch,1000,53.735,47.626,149/1000,3.81675,
350,hyperuss,1000,4.894,4.75186,249/1000,2.82139,
350,wavingsketch,1000,19.953,19.4812,81/1000,4.82064,
350,dasketch,1000,5.789,5.55821,229/1000,2.77649,
350,heavykeeper,1000,3.228,0.953081,240/1000,5.66229,
350,LossyCounting,1000,78.921,78.921,1/1000,0.215001,
350,mvsketch,1000,2.949,0.19316,267/1000,2.70967,
350,spacesaving,1000,149.258,148.554,8/1000,7.18477,
350,cmsketch,1000,53.765,47.1189,160/1000,3.99396,
350,hyperuss,1000,4.924,4.74164,259/1000,3.22777,
350,wavingsketch,1000,19.941,19.6053,70/1000,4.46522,
350,dasketch,1000,5.789,5.57226,225/1000,3.04189,
350,heavykeeper,1000,3.383,0.966337,245/1000,5.98624,
350,LossyCounting,1000,78.921,78.921,2/1000,0.208903,
350,mvsketch,1000,3.063,0.198048,283/1000,2.9234,
350,spacesaving,1000,149.397,149.025,4/1000,7.3616,
350,cmsketch,1000,53.678,46.9285,162/1000,2.51816,
350,hyperuss,1000,4.835,4.67553,258/1000,2.45296,
350,wavingsketch,1000,20.071,19.63,82/1000,4.68133,
350,dasketch,1000,5.796,5.58966,225/1000,3.18885,
350,heavykeeper,1000,3.272,0.94707,247/1000,5.77799,
350,LossyCounting,1000,78.921,78.921,1/1000,0.222445,
350,mvsketch,1000,3.058,0.199939,288/1000,3.20023,
350,spacesaving,1000,149.271,148.37,9/1000,7.04414,
350,cmsketch,1000,53.468,46.7232,163/1000,3.68611,
350,hyperuss,1000,4.886,4.75407,249/1000,2.7495,
350,wavingsketch,1000,19.84,19.3802,84/1000,4.65559,
350,dasketch,1000,5.707,5.49153,238/1000,3.09456,
350,heavykeeper,1000,3.312,0.953169,251/1000,5.46564,
350,LossyCounting,1000,78.921,78.921,1/1000,0.222228,
350,mvsketch,1000,3.092,0.202692,290/1000,1.66224,
350,spacesaving,1000,149.324,148.501,8/1000,4.82289,
350,cmsketch,1000,53.637,47.1663,156/1000,4.18239,
350,hyperuss,1000,4.807,4.64848,267/1000,2.71953,
350,wavingsketch,1000,19.847,19.4537,78/1000,4.0871,
350,dasketch,1000,5.797,5.55363,233/1000,2.96805,
350,heavykeeper,1000,3.378,0.948188,254/1000,5.34626,
350,LossyCounting,1000,78.921,78.921,1/1000,0.225453,
350,mvsketch,1000,3.16,0.203008,293/1000,2.90233,
350,spacesaving,1000,149.441,148.921,6/1000,7.39585,
350,cmsketch,1000,53.649,46.8336,163/1000,3.77068,
350,hyperuss,1000,4.827,4.61868,276/1000,2.205,
350,wavingsketch,1000,23.65,23.1288,88/1000,3.44577,
350,dasketch,1000,5.777,5.54357,235/1000,2.82486,
350,heavykeeper,1000,3.373,0.956042,266/1000,5.90992,
350,LossyCounting,1000,78.921,78.921,1/1000,0.209531,
350,mvsketch,1000,3.296,0.213978,307/1000,2.88402,
350,spacesaving,1000,149.141,148.38,9/1000,7.61163,
350,cmsketch,1000,53.852,47.6132,148/1000,2.97568,
350,hyperuss,1000,4.806,4.57138,280/1000,0.909033,
350,wavingsketch,1000,20.076,19.4602,94/1000,1.09087,
350,dasketch,1000,5.817,5.62027,220/1000,1.9737,
350,heavykeeper,1000,3.145,0.942122,258/1000,1.82623,
350,LossyCounting,1000,78.921,78.921,3/1000,0.195123,
350,mvsketch,1000,3.074,0.208917,294/1000,2.51469,
350,spacesaving,1000,149.464,148.634,10/1000,4.203,
350,cmsketch,1000,54.194,49.2061,119/1000,2.84808,
350,hyperuss,1000,4.856,4.6363,273/1000,1.74782,
350,wavingsketch,1000,20.424,20.0336,70/1000,2.61959,
350,dasketch,1000,5.859,5.63464,214/1000,1.29853,
350,heavykeeper,1000,2.797,0.949144,237/1000,3.88869,
350,LossyCounting,1000,78.447,78.447,7/1000,0.221869,
350,mvsketch,1000,3.025,0.206471,305/1000,1.63194,
350,spacesaving,1000,149.285,148.705,9/1000,6.78182,
350,cmsketch,1000,54.265,49.6821,107/1000,2.58331,
350,hyperuss,1000,4.993,4.71469,264/1000,1.69696,
350,wavingsketch,1000,23.507,23.0795,68/1000,2.44525,
350,dasketch,1000,5.91,5.71439,204/1000,1.88284,
350,heavykeeper,1000,2.598,0.93668,231/1000,2.68812,
350,LossyCounting,1000,78.842,78.842,2/1000,0.208903,
350,mvsketch,1000,2.701,0.214143,317/1000,1.41061,
350,spacesaving,1000,149.539,148.667,10/1000,5.5685,
350,cmsketch,1000,53.353,46.2344,167/1000,1.99716,
350,hyperuss,1000,4.285,3.74358,415/1000,1.8778,
350,wavingsketch,1000,23.157,22.6724,101/1000,1.86107,
350,dasketch,1000,5.547,5.23589,274/1000,2.12143,
350,heavykeeper,1000,3.104,0.870164,336/1000,1.91822,
350,LossyCounting,1000,77.972,77.933,13/1000,0.229921,
350,mvsketch,1000,4.623,0.333477,498/1000,2.6777,
350,spacesaving,1000,146.884,146.11,18/1000,4.22175,
400,cmsketch,1000,46.165,40.248,169/1000,1.76933,
400,hyperuss,1000,4.641,4.50599,254/1000,1.53467,
400,wavingsketch,1000,18.488,18.1686,85/1000,1.96836,
400,dasketch,1000,5.517,5.30883,234/1000,1.79874,
400,heavykeeper,1000,3.225,0.944686,252/1000,2.45691,
400,LossyCounting,1000,68.931,68.931,2/1000,0.183557,
400,mvsketch,1000,2.954,0.193209,278/1000,3.1134,
400,spacesaving,1000,130.765,129.766,11/1000,7.35484,
400,cmsketch,1000,45.966,40.0519,170/1000,4.1218,
400,hyperuss,1000,4.641,4.52254,249/1000,2.73085,
400,wavingsketch,1000,19.11,18.6304,93/1000,3.70187,
400,dasketch,1000,5.592,5.3716,225/1000,3.25966,
400,heavykeeper,1000,3.142,0.933592,253/1000,5.14003,
400,LossyCounting,1000,68.931,68.931,2/1000,0.247187,
400,mvsketch,1000,2.912,0.194102,283/1000,2.69508,
400,spacesaving,1000,130.843,130.495,5/1000,7.15984,
400,cmsketch,1000,45.899,39.9991,169/1000,2.52934,
400,hyperuss,1000,4.64,4.54258,245/1000,3.14625,
400,wavingsketch,1000,18.394,18.0389,88/1000,3.99843,
400,dasketch,1000,5.557,5.34214,240/1000,3.01595,
400,heavykeeper,1000,3.21,0.940895,247/1000,5.63331,
400,LossyCounting,1000,68.931,68.931,2/1000,0.232085,
400,mvsketch,1000,3.02,0.197453,282/1000,2.55595,
400,spacesaving,1000,130.811,130.311,7/1000,6.36991,
400,cmsketch,1000,45.991,40.0746,168/1000,3.87051,
400,hyperuss,1000,4.635,4.50846,252/1000,3.01429,
400,wavingsketch,1000,21.467,21.0464,93/1000,3.89261,
400,dasketch,1000,5.607,5.40629,233/1000,3.00438,
400,heavykeeper,1000,3.164,0.939085,250/1000,6.01879,
400,LossyCounting,1000,68.931,68.931,1/1000,0.211599,
400,mvsketch,1000,3.018,0.197735,288/1000,3.06646,
400,spacesaving,1000,130.737,129.791,10/1000,6.71529,
400,cmsketch,1000,45.859,39.7472,175/1000,3.335,
400,hyperuss,1000,4.605,4.49112,256/1000,3.04999,
400,wavingsketch,1000,17.948,17.6464,92/1000,3.60439,
400,dasketch,1000,5.556,5.31053,242/1000,2.79861,
400,heavykeeper,1000,3.229,0.937711,252/1000,5.44264,
400,LossyCounting,1000,68.931,68.931,1/1000,0.23811,
400,mvsketch,1000,3.054,0.202662,306/1000,3.22513,
400,spacesaving,1000,130.798,130.371,5/1000,7.14415,
400,cmsketch,1000,46.019,39.7535,179/1000,3.38382,
400,hyperuss,1000,4.594,4.46697,258/1000,3.23335,
400,wavingsketch,1000,18.68,18.253,97/1000,3.69222,
400,dasketch,1000,5.49,5.27395,244/1000,2.90024,
400,heavykeeper,1000,3.304,0.940444,260/1000,5.15842,
400,LossyCounting,1000,68.931,68.931,2/1000,0.213418,
400,mvsketch,1000,3.103,0.203786,302/1000,2.61562,
400,spacesaving,1000,130.681,129.681,12/1000,7.18109,
400,cmsketch,1000,45.978,40.087,171/1000,3.8849,
400,hyperuss,1000,4.553,4.38502,274/1000,2.59443,
400,wavingsketch,1000,20.658,20.2783,93/1000,3.24713,
400,dasketch,1000,5.489,5.25889,255/1000,2.07293,
400,heavykeeper,1000,3.141,0.934143,271/1000,5.89273,
400,LossyCounting,1000,68.931,68.931,1/1000,0.214904,
400,mvsketch,1000,3.238,0.214534,317/1000,3.33715,
400,spacesaving,1000,130.687,129.433,13/1000,6.82156,
400,cmsketch,1000,46.088,40.2619,166/1000,3.10214,
400,hyperuss,1000,4.583,4.39654,273/1000,2.98472,
400,wavingsketch,1000,19.094,18.7045,87/1000,3.70836,
400,dasketch,1000,5.547,5.34394,240/1000,2.87981,
400,heavykeeper,1000,3.03,0.929208,260/1000,5.66317,
400,LossyCounting,1000,68.931,68.931,2/1000,0.222094,
400,mvsketch,1000,3.072,0.216259,318/1000,2.36387,
400,spacesaving,1000,130.685,129.292,15/1000,7.30653,
400,cmsketch,1000,46.301,41.1622,146/1000,2.66236,
400,hyperuss,1000,4.577,4.40058,273/1000,2.54381,
400,wavingsketch,1000,18.976,18.5869,80/1000,3.58298,
400,dasketch,1000,5.541,5.32371,232/1000,2.94959,
400,heavykeeper,1000,2.74,0.913842,264/1000,5.16376,
400,LossyCounting,1000,68.379,68.379,9/1000,0.230467,
400,mvsketch,1000,2.986,0.210711,323/1000,2.68435,
400,spacesaving,1000,130.18,129.315,14/1000,7.17988,
400,cmsketch,1000,46.462,41.667,136/1000,3.00571,
400,hyperuss,1000,4.674,4.45601,265/1000,2.91186,
400,wavingsketch,1000,19.553,19.1954,73/1000,2.9228,
400,dasketch,1000,5.729,5.52395,209/1000,2.89963,
400,heavykeeper,1000,2.556,0.92099,254/1000,5.4099,
400,LossyCounting,1000,68.862,68.862,2/1000,0.213222,
400,mvsketch,1000,2.595,0.207655,314/1000,2.92132,
400,spacesaving,1000,130.689,130.227,7/1000,6.87085,
400,cmsketch,1000,45.554,38.7575,191/1000,3.91835,
400,hyperuss,1000,4.07,3.68626,393/1000,2.21662,
400,wavingsketch,1000,18.535,18.047,113/1000,1.35311,
400,dasketch,1000,5.169,4.84525,307/1000,1.1652,
400,heavykeeper,1000,3.102,0.827925,393/1000,3.30141,
400,LossyCounting,1000,67.69,67.689,19/1000,0.190124,
400,mvsketch,1000,4.504,0.349802,538/1000,2.54275,
400,spacesaving,1000,128.37,127.258,21/1000,5.62354,
450,cmsketch,1000,40.077,34.2698,195/1000,2.37151,
450,hyperuss,1000,4.629,4.52711,250/1000,2.04125,
450,wavingsketch,1000,17.378,17.1141,94/1000,1.78585,
450,dasketch,1000,5.024,4.8356,238/1000,1.79044,
450,heavykeeper,1000,3.125,0.946057,252/1000,3.79491,
450,LossyCounting,1000,60.939,60.939,1/1000,0.206109,
450,mvsketch,1000,2.928,0.194575,292/1000,2.67428,
450,spacesaving,1000,115.809,115.237,7/1000,5.14239,
450,cmsketch,1000,40.249,34.6797,186/1000,1.69219,
450,hyperuss,1000,4.644,4.54335,247/1000,1.74365,
450,wavingsketch,1000,19.906,19.5677,99/1000,2.43965,
450,dasketch,1000,5.021,4.81901,234/1000,1.88926,
450,heavykeeper,1000,3.012,0.938015,255/1000,1.49412,
450,LossyCounting,1000,60.939,60.939,2/1000,0.167367,
450,mvsketch,1000,2.884,0.193254,289/1000,2.44121,
450,spacesaving,1000,115.821,115.389,6/1000,6.83631,
450,cmsketch,1000,40.129,34.6572,184/1000,3.42466,
450,hyperuss,1000,4.607,4.5023,253/1000,2.88827,
450,wavingsketch,1000,17.764,17.4426,90/1000,3.4879,
450,dasketch,1000,4.995,4.81016,240/1000,2.88727,
450,heavykeeper,1000,3.063,0.937113,252/1000,5.31173,
450,LossyCounting,1000,60.939,60.939,1/1000,0.211117,
450,mvsketch,1000,2.947,0.19386,292/1000,3.14107,
450,spacesaving,1000,115.82,115.386,7/1000,7.06257,
450,cmsketch,1000,40.286,34.8795,177/1000,2.96776,
450,hyperuss,1000,4.602,4.51262,250/1000,2.58552,
450,wavingsketch,1000,17.596,17.3083,92/1000,3.17299,
450,dasketch,1000,4.955,4.77932,237/1000,3.00742,
450,heavykeeper,1000,3.019,0.937742,258/1000,5.00417,
450,LossyCounting,1000,60.939,60.939,1/1000,0.228652,
450,mvsketch,1000,2.908,0.191686,289/1000,3.14941,
450,spacesaving,1000,115.803,115.175,8/1000,7.06857,
450,cmsketch,1000,40.298,34.7743,183/1000,2.66155,
450,hyperuss,1000,4.61,4.51597,250/1000,2.75557,
450,wavingsketch,1000,20.775,20.4055,95/1000,3.37896,
450,dasketch,1000,5.015,4.84182,235/1000,2.62206,
450,heavykeeper,1000,3.079,0.922145,261/1000,5.10787,
450,LossyCounting,1000,60.939,60.939,1/1000,0.215702,
450,mvsketch,1000,3.009,0.201496,311/1000,2.61179,
450,spacesaving,1000,115.834,115.395,6/1000,5.65845,
450,cmsketch,1000,40.272,34.7545,181/1000,3.47523,
450,hyperuss,1000,4.557,4.4748,256/1000,2.86945,
450,wavingsketch,1000,17.703,17.4995,87/1000,2.99551,
450,dasketch,1000,4.954,4.77025,248/1000,2.69386,
450,heavykeeper,1000,3.132,0.932632,257/1000,5.00181,
450,LossyCounting,1000,60.939,60.939,1/1000,0.182758,
450,mvsketch,1000,3.065,0.200129,301/1000,3.28841,
450,spacesaving,1000,115.741,114.865,11/1000,6.8196,
450,cmsketch,1000,40.19,34.3784,193/1000,3.54451,
450,hyperuss,1000,4.566,4.45221,261/1000,2.53035,
450,wavingsketch,1000,17.334,16.9819,97/1000,3.30034,
450,dasketch,1000,4.996,4.78572,246/1000,2.77442,
450,heavykeeper,1000,3.058,0.909715,277/1000,5.08423,
450,LossyCounting,1000,60.878,60.8475,3/1000,0.225839,
450,mvsketch,1000,3.122,0.209831,321/1000,3.27655,
450,spacesaving,1000,115.751,115.358,6/1000,6.78029,
450,cmsketch,1000,40.381,35.3069,169/1000,3.84417,
450,hyperuss,1000,4.557,4.41406,268/1000,2.70317,
450,wavingsketch,1000,17.434,17.1073,91/1000,3.52647,
450,dasketch,1000,5.011,4.80035,250/1000,1.36492,
450,heavykeeper,1000,2.941,0.91473,272/1000,5.48326,
450,LossyCounting,1000,60.939,60.939,1/1000,0.240867,
450,mvsketch,1000,3.002,0.215348,328/1000,3.13228,
450,spacesaving,1000,115.811,115.446,5/1000,6.90025,
450,cmsketch,1000,40.611,36.0083,153/1000,4.17367,
450,hyperuss,1000,4.613,4.48554,256/1000,2.54701,
450,wavingsketch,1000,17.602,17.3479,78/1000,3.65668,
450,dasketch,1000,5.022,4.85439,235/1000,3.20729,
450,heavykeeper,1000,2.65,0.921334,270/1000,5.89877,
450,LossyCounting,1000,60.451,60.4205,11/1000,0.186327,
450,mvsketch,1000,2.905,0.211777,336/1000,2.5932,
450,spacesaving,1000,115.188,114.614,13/1000,6.97073,
450,cmsketch,1000,40.7,36.2907,145/1000,2.5194,
450,hyperuss,1000,4.742,4.62124,233/1000,1.26793,
450,wavingsketch,1000,17.782,17.49,69/1000,1.75369,
450,dasketch,1000,5.103,4.91044,230/1000,2.18234,
450,heavykeeper,1000,2.501,0.912196,272/1000,2.9753,
450,LossyCounting,1000,60.817,60.817,4/1000,0.213019,
450,mvsketch,1000,2.695,0.226417,350/1000,2.31582,
450,spacesaving,1000,115.594,115.109,8/1000,5.29755,
450,cmsketch,1000,39.967,33.8112,200/1000,3.56671,
450,hyperuss,1000,4.063,3.76428,378/1000,1.21783,
450,wavingsketch,1000,17.401,16.9176,120/1000,1.87008,
450,dasketch,1000,4.579,4.29546,327/1000,1.94948,
450,heavykeeper,1000,3.033,0.82295,408/1000,4.31515,
450,LossyCounting,1000,59.72,59.719,21/1000,0.217349,
450,mvsketch,1000,4.384,0.358707,562/1000,2.55824,
450,spacesaving,1000,113.253,111.848,27/1000,5.29611,
500,cmsketch,1000,35.678,30.3494,202/1000,1.46378,
500,hyperuss,1000,4.567,4.48214,256/1000,1.38638,
500,wavingsketch,1000,18.951,18.6797,98/1000,1.41769,
500,dasketch,1000,4.834,4.6563,239/1000,1.27607,
500,heavykeeper,1000,2.928,0.92493,255/1000,3.99888,
500,LossyCounting,1000,54.945,54.945,1/1000,0.20933,
500,mvsketch,1000,2.838,0.189607,296/1000,2.73201,
500,spacesaving,1000,104.29,103.519,11/1000,6.25588,
500,cmsketch,1000,35.712,30.7164,189/1000,2.14935,
500,hyperuss,1000,4.541,4.44002,256/1000,1.23182,
500,wavingsketch,1000,16.425,16.1111,103/1000,1.5332,
500,dasketch,1000,4.871,4.70116,235/1000,2.16821,
500,heavykeeper,1000,2.874,0.935749,254/1000,3.45992,
500,LossyCounting,1000,54.945,54.945,1/1000,0.210889,
500,mvsketch,1000,2.807,0.187461,291/1000,1.74161,
500,spacesaving,1000,104.364,104.028,7/1000,6.78743,
500,cmsketch,1000,35.81,30.6846,195/1000,4.1282,
500,hyperuss,1000,4.509,4.41332,261/1000,2.79553,
500,wavingsketch,1000,16.952,16.6732,100/1000,2.49891,
500,dasketch,1000,4.834,4.65677,239/1000,2.80998,
500,heavykeeper,1000,2.971,0.917815,257/1000,5.24681,
500,LossyCounting,1000,54.945,54.945,1/1000,0.166708,
500,mvsketch,1000,2.869,0.188752,298/1000,1.21447,
500,spacesaving,1000,104.434,103.799,10/1000,5.99315,
500,cmsketch,1000,35.795,30.9238,186/1000,4.04271,
500,hyperuss,1000,4.551,4.44682,257/1000,2.27513,
500,wavingsketch,1000,16.642,16.2755,112/1000,3.62733,
500,dasketch,1000,4.81,4.65122,237/1000,2.98194,
500,heavykeeper,1000,2.961,0.920255,264/1000,5.8912,
500,LossyCounting,1000,54.945,54.945,1/1000,0.254777,
500,mvsketch,1000,2.869,0.192272,302/1000,3.23957,
500,spacesaving,1000,104.321,103.571,10/1000,6.81695,
500,cmsketch,1000,35.555,30.4028,199/1000,4.06578,
500,hyperuss,1000,4.511,4.42951,260/1000,1.27848,
500,wavingsketch,1000,16.548,16.2916,104/1000,1.34444,
500,dasketch,1000,4.841,4.67746,237/1000,1.41275,
500,heavykeeper,1000,2.885,0.917433,263/1000,3.65207,
500,LossyCounting,1000,54.945,54.945,1/1000,0.219289,
500,mvsketch,1000,2.894,0.194989,309/1000,2.45866,
500,spacesaving,1000,104.449,104.066,6/1000,4.96603,
500,cmsketch,1000,35.666,30.5737,196/1000,2.73205,
500,hyperuss,1000,4.483,4.37712,272/1000,1.7027,
500,wavingsketch,1000,16.612,16.318,105/1000,2.19703,
500,dasketch,1000,4.75,4.58998,254/1000,1.35448,
500,heavykeeper,1000,2.973,0.901032,272/1000,3.27891,
500,LossyCounting,1000,54.945,54.945,1/1000,0.237277,
500,mvsketch,1000,3.004,0.199414,305/1000,2.39082,
500,spacesaving,1000,104.466,103.666,12/1000,3.79582,
500,cmsketch,1000,35.901,30.8487,190/1000,2.68037,
500,hyperuss,1000,4.503,4.37752,273/1000,1.68826,
500,wavingsketch,1000,16.509,16.2669,97/1000,2.02113,
500,dasketch,1000,4.757,4.55618,258/1000,1.20454,
500,heavykeeper,1000,2.897,0.902976,285/1000,4.81347,
500,LossyCounting,1000,54.835,54.8075,5/1000,0.247732,
500,mvsketch,1000,3.072,0.20931,334/1000,1.86593,
500,spacesaving,1000,104.225,103.662,9/1000,6.75808,
500,cmsketch,1000,35.7,30.7476,191/1000,2.8114,
500,hyperuss,1000,4.449,4.30532,288/1000,1.52011,
500,wavingsketch,1000,17.312,17.0289,92/1000,1.75602,
500,dasketch,1000,4.803,4.59513,249/1000,3.15976,
500,heavykeeper,1000,2.874,0.909869,277/1000,3.10737,
500,LossyCounting,1000,54.945,54.945,1/1000,0.210248,
500,mvsketch,1000,2.949,0.213134,328/1000,3.2776,
500,spacesaving,1000,104.567,104.095,9/1000,6.74011,
500,cmsketch,1000,36.052,31.8099,162/1000,2.44249,
500,hyperuss,1000,4.463,4.32203,285/1000,1.32924,
500,wavingsketch,1000,16.956,16.7375,70/1000,2.74519,
500,dasketch,1000,4.704,4.51946,257/1000,3.15416,
500,heavykeeper,1000,2.612,0.898384,287/1000,5.57427,
500,LossyCounting,1000,54.452,54.4225,12/1000,0.251982,
500,mvsketch,1000,2.802,0.208055,335/1000,2.45939,
500,spacesaving,1000,104.03,103.445,15/1000,5.18956,
500,cmsketch,1000,36.408,32.7843,136/1000,2.07632,
500,hyperuss,1000,4.495,4.32321,286/1000,1.76871,
500,wavingsketch,1000,16.966,16.7048,70/1000,2.25654,
500,dasketch,1000,4.867,4.64771,244/1000,1.31605,
500,heavykeeper,1000,2.368,0.892311,270/1000,1.68203,
500,LossyCounting,1000,54.725,54.725,5/1000,0.248275,
500,mvsketch,1000,2.606,0.223976,360/1000,2.23685,
500,spacesaving,1000,104.61,103.964,11/1000,2.8186,
500,cmsketch,1000,35.373,29.5032,222/1000,2.897,
500,hyperuss,1000,3.583,3.26451,436/1000,1.91318,
500,wavingsketch,1000,16.294,15.9811,111/1000,1.80073,
500,dasketch,1000,4.293,4.009,344/1000,1.23005,
500,heavykeeper,1000,2.898,0.776781,435/1000,5.18129,
500,LossyCounting,1000,53.791,53.79,22/1000,0.223564,
500,mvsketch,1000,4.248,0.361248,580/1000,1.80216,
500,spacesaving,1000,102.38,101.354,25/1000,6.724,
